{
    "catchment_area_km2": 11.43045193048498,
    "forcing_file": "wb-2624577_retro_3_2022/forcings/cat-2629696.csv",
    "partition_scheme": "Schaake",
    "soil_params": {
        "depth": 2.0,
        "D": 2.0,
        "bb": 8.53782844543457,
        "satdk": 4.996459597306889e-07,
        "satpsi": 0.014680387685525,
        "slop": 0.1920737294625818,
        "smcmax": 0.4890857710363383,
        "wltsmc": 0.1226201581934467,
        "expon": 4.0,
        "expon_secondary": 0.005
    },
    "max_gw_storage": 159.259567261,
    "Cgw": 0.1,
    "expon": 6.0,
    "gw_storage": 0.05,
    "alpha_fc": 0.33,
    "soil_storage": 0.05,
    "K_nash": 0.03,
    "K_lf": 0.01,
    "nash_storage": [
        0.0,
        0.0
    ],
    "num_timesteps": 1.0,
    "verbosity": 1.0,
    "DEBUG": 0.0,
    "refkdt": 3.038496012322617,
    "giuh_ordinates": [
        1.0,
        0.0
    ],
    "stand_alone": 1,
    "soil_scheme": "ode"
}