{
    "catchment_area_km2": 5.678546548507445,
    "forcing_file": "wb-2624577_retro_3_2022/forcings/cat-2625962.csv",
    "partition_scheme": "Schaake",
    "soil_params": {
        "depth": 2.0,
        "D": 2.0,
        "bb": 8.8270263671875,
        "satdk": 6.432038819614456e-07,
        "satpsi": 0.0668045511517562,
        "slop": 0.0562563999129109,
        "smcmax": 0.5172240677621862,
        "wltsmc": 0.0469999983906745,
        "expon": 5.0,
        "expon_secondary": 0.005
    },
    "max_gw_storage": 79.799125671,
    "Cgw": 0.1,
    "expon": 6.0,
    "gw_storage": 0.05,
    "alpha_fc": 0.33,
    "soil_storage": 0.05,
    "K_nash": 0.03,
    "K_lf": 0.01,
    "nash_storage": [
        0.0,
        0.0
    ],
    "num_timesteps": 1.0,
    "verbosity": 1.0,
    "DEBUG": 0.0,
    "refkdt": 2.026453124222311,
    "giuh_ordinates": [
        1.0,
        0.0
    ],
    "stand_alone": 1,
    "soil_scheme": "ode"
}