{
    "catchment_area_km2": 18.86895591302117,
    "forcing_file": "wb-2624577_retro_3_2022/forcings/cat-2625699.csv",
    "partition_scheme": "Schaake",
    "soil_params": {
        "depth": 2.0,
        "D": 2.0,
        "bb": 8.8270263671875,
        "satdk": 9.330546603065582e-07,
        "satpsi": 0.0445334989848907,
        "slop": 0.053006749600172,
        "smcmax": 0.5192212462425232,
        "wltsmc": 0.0469999983906745,
        "expon": 5.0,
        "expon_secondary": 0.005
    },
    "max_gw_storage": 79.799125671,
    "Cgw": 0.1,
    "expon": 6.0,
    "gw_storage": 0.05,
    "alpha_fc": 0.33,
    "soil_storage": 0.05,
    "K_nash": 0.03,
    "K_lf": 0.01,
    "nash_storage": [
        0.0,
        0.0
    ],
    "num_timesteps": 1.0,
    "verbosity": 1.0,
    "DEBUG": 0.0,
    "refkdt": 2.0217540264129643,
    "giuh_ordinates": [
        1.0,
        0.0
    ],
    "stand_alone": 1,
    "soil_scheme": "ode"
}