{
    "catchment_area_km2": 24.904352803502324,
    "forcing_file": "wb-2624577_retro_3_2022/forcings/cat-2624527.csv",
    "partition_scheme": "Schaake",
    "soil_params": {
        "depth": 2.0,
        "D": 2.0,
        "bb": 21.581951141357425,
        "satdk": 4.464245910503685e-07,
        "satpsi": 0.0471996286642534,
        "slop": 0.3252196113139748,
        "smcmax": 0.5202431066141505,
        "wltsmc": 0.1379999965429306,
        "expon": 5.0,
        "expon_secondary": 0.005
    },
    "max_gw_storage": 49.574315613,
    "Cgw": 0.1,
    "expon": 6.0,
    "gw_storage": 0.05,
    "alpha_fc": 0.33,
    "soil_storage": 0.05,
    "K_nash": 0.03,
    "K_lf": 0.01,
    "nash_storage": [
        0.0,
        0.0
    ],
    "num_timesteps": 1.0,
    "verbosity": 1.0,
    "DEBUG": 0.0,
    "refkdt": 0.6255952948253375,
    "giuh_ordinates": [
        1.0,
        0.0
    ],
    "stand_alone": 1,
    "soil_scheme": "ode"
}