{
    "catchment_area_km2": 3.7584010260345666,
    "forcing_file": "wb-2624577_retro_3_2022/forcings/cat-2629694.csv",
    "partition_scheme": "Schaake",
    "soil_params": {
        "depth": 2.0,
        "D": 2.0,
        "bb": 6.039312362670898,
        "satdk": 3.566997799927667e-07,
        "satpsi": 0.0127919610072921,
        "slop": 0.1791248883234089,
        "smcmax": 0.4829165251150563,
        "wltsmc": 0.1027679669923626,
        "expon": 4.0,
        "expon_secondary": 0.005
    },
    "max_gw_storage": 159.259567261,
    "Cgw": 0.1,
    "expon": 6.0,
    "gw_storage": 0.05,
    "alpha_fc": 0.33,
    "soil_storage": 0.05,
    "K_nash": 0.03,
    "K_lf": 0.01,
    "nash_storage": [
        0.0,
        0.0
    ],
    "num_timesteps": 1.0,
    "verbosity": 1.0,
    "DEBUG": 0.0,
    "refkdt": 2.9481145196312464,
    "giuh_ordinates": [
        1.0,
        0.0
    ],
    "stand_alone": 1,
    "soil_scheme": "ode"
}