{
    "catchment_area_km2": 16.69274970305871,
    "forcing_file": "wb-2624577_retro_3_2022/forcings/cat-2626685.csv",
    "partition_scheme": "Schaake",
    "soil_params": {
        "depth": 2.0,
        "D": 2.0,
        "bb": 8.080087661743164,
        "satdk": 4.110987794029649e-06,
        "satpsi": 0.0179939413978087,
        "slop": 0.1153335006321196,
        "smcmax": 0.4898107376143804,
        "wltsmc": 0.069899741966025,
        "expon": 5.0,
        "expon_secondary": 0.005
    },
    "max_gw_storage": 54.152549744,
    "Cgw": 0.1,
    "expon": 6.0,
    "gw_storage": 0.05,
    "alpha_fc": 0.33,
    "soil_storage": 0.05,
    "K_nash": 0.03,
    "K_lf": 0.01,
    "nash_storage": [
        0.0,
        0.0
    ],
    "num_timesteps": 1.0,
    "verbosity": 1.0,
    "DEBUG": 0.0,
    "refkdt": 2.122223958693949,
    "giuh_ordinates": [
        1.0,
        0.0
    ],
    "stand_alone": 1,
    "soil_scheme": "ode"
}