{
    "catchment_area_km2": 8.214301385897778,
    "forcing_file": "wb-2624577_retro_3_2022/forcings/cat-2626311.csv",
    "partition_scheme": "Schaake",
    "soil_params": {
        "depth": 2.0,
        "D": 2.0,
        "bb": 12.13018035888672,
        "satdk": 9.711906069995515e-07,
        "satpsi": 0.0355085849697937,
        "slop": 0.0607828586358609,
        "smcmax": 0.4977965389226282,
        "wltsmc": 0.1379999965429305,
        "expon": 7.0,
        "expon_secondary": 0.005
    },
    "max_gw_storage": 13.100178719,
    "Cgw": 0.1,
    "expon": 6.0,
    "gw_storage": 0.05,
    "alpha_fc": 0.33,
    "soil_storage": 0.05,
    "K_nash": 0.03,
    "K_lf": 0.01,
    "nash_storage": [
        0.0,
        0.0
    ],
    "num_timesteps": 1.0,
    "verbosity": 1.0,
    "DEBUG": 0.0,
    "refkdt": 2.006061595899801,
    "giuh_ordinates": [
        1.0,
        0.0
    ],
    "stand_alone": 1,
    "soil_scheme": "ode"
}