{
    "catchment_area_km2": 10.20689953655443,
    "forcing_file": "wb-2624577_retro_3_2022/forcings/cat-2629668.csv",
    "partition_scheme": "Schaake",
    "soil_params": {
        "depth": 2.0,
        "D": 2.0,
        "bb": 4.978099346160889,
        "satdk": 2.075176520582112e-07,
        "satpsi": 0.0415738639868156,
        "slop": 0.0608569848592791,
        "smcmax": 0.4617706404097741,
        "wltsmc": 0.047392042178878,
        "expon": 7.0,
        "expon_secondary": 0.005
    },
    "max_gw_storage": 13.100178719,
    "Cgw": 0.1,
    "expon": 6.0,
    "gw_storage": 0.05,
    "alpha_fc": 0.33,
    "soil_storage": 0.05,
    "K_nash": 0.03,
    "K_lf": 0.01,
    "nash_storage": [
        0.0,
        0.0
    ],
    "num_timesteps": 1.0,
    "verbosity": 1.0,
    "DEBUG": 0.0,
    "refkdt": 2.0062060762695286,
    "giuh_ordinates": [
        1.0,
        0.0
    ],
    "stand_alone": 1,
    "soil_scheme": "ode"
}