{
    "catchment_area_km2": 3.376802042946331,
    "forcing_file": "wb-2624577_retro_3_2022/forcings/cat-2629689.csv",
    "partition_scheme": "Schaake",
    "soil_params": {
        "depth": 2.0,
        "D": 2.0,
        "bb": 4.978099346160889,
        "satdk": 3.685116042836816e-07,
        "satpsi": 0.0770735025970152,
        "slop": 0.0579197779297828,
        "smcmax": 0.4625031257239756,
        "wltsmc": 0.0539307966048962,
        "expon": 7.0,
        "expon_secondary": 0.005
    },
    "max_gw_storage": 13.100178719,
    "Cgw": 0.1,
    "expon": 6.0,
    "gw_storage": 0.05,
    "alpha_fc": 0.33,
    "soil_storage": 0.05,
    "K_nash": 0.03,
    "K_lf": 0.01,
    "nash_storage": [
        0.0,
        0.0
    ],
    "num_timesteps": 1.0,
    "verbosity": 1.0,
    "DEBUG": 0.0,
    "refkdt": 2.000481128692627,
    "giuh_ordinates": [
        1.0,
        0.0
    ],
    "stand_alone": 1,
    "soil_scheme": "ode"
}