{
    "catchment_area_km2": 16.072654342528356,
    "forcing_file": "wb-2624577_retro_3_2022/forcings/cat-2626703.csv",
    "partition_scheme": "Schaake",
    "soil_params": {
        "depth": 2.0,
        "D": 2.0,
        "bb": 15.214516639709473,
        "satdk": 1.790480348106081e-05,
        "satpsi": 0.0195070904373612,
        "slop": 0.0556033760773713,
        "smcmax": 0.5456174145384106,
        "wltsmc": 0.0894387190218503,
        "expon": 5.0,
        "expon_secondary": 0.005
    },
    "max_gw_storage": 79.799125671,
    "Cgw": 0.1,
    "expon": 6.0,
    "gw_storage": 0.05,
    "alpha_fc": 0.33,
    "soil_storage": 0.05,
    "K_nash": 0.03,
    "K_lf": 0.01,
    "nash_storage": [
        0.0,
        0.0
    ],
    "num_timesteps": 1.0,
    "verbosity": 1.0,
    "DEBUG": 0.0,
    "refkdt": 2.025508830966201,
    "giuh_ordinates": [
        1.0,
        0.0
    ],
    "stand_alone": 1,
    "soil_scheme": "ode"
}