{
    "catchment_area_km2": 3.2039967780289946,
    "forcing_file": "wb-2624577_retro_3_2022/forcings/cat-2625121.csv",
    "partition_scheme": "Schaake",
    "soil_params": {
        "depth": 2.0,
        "D": 2.0,
        "bb": 17.776193618774414,
        "satdk": 2.450450578810248e-07,
        "satpsi": 0.1490171195458618,
        "slop": 0.1219433668046262,
        "smcmax": 0.5119717553132022,
        "wltsmc": 0.1379999965429306,
        "expon": 5.0,
        "expon_secondary": 0.005
    },
    "max_gw_storage": 54.152549744,
    "Cgw": 0.1,
    "expon": 6.0,
    "gw_storage": 0.05,
    "alpha_fc": 0.33,
    "soil_storage": 0.05,
    "K_nash": 0.03,
    "K_lf": 0.01,
    "nash_storage": [
        0.0,
        0.0
    ],
    "num_timesteps": 1.0,
    "verbosity": 1.0,
    "DEBUG": 0.0,
    "refkdt": 2.141909266676808,
    "giuh_ordinates": [
        1.0,
        0.0
    ],
    "stand_alone": 1,
    "soil_scheme": "ode"
}