{
    "catchment_area_km2": 9.442802047495755,
    "forcing_file": "wb-2624577_retro_3_2022/forcings/cat-2630071.csv",
    "partition_scheme": "Schaake",
    "soil_params": {
        "depth": 2.0,
        "D": 2.0,
        "bb": 17.776193618774414,
        "satdk": 1.5042847508724165e-07,
        "satpsi": 0.0123040898745657,
        "slop": 0.1176827319367704,
        "smcmax": 0.5192998535128348,
        "wltsmc": 0.1379999965429306,
        "expon": 5.0,
        "expon_secondary": 0.005
    },
    "max_gw_storage": 54.152549744,
    "Cgw": 0.1,
    "expon": 6.0,
    "gw_storage": 0.05,
    "alpha_fc": 0.33,
    "soil_storage": 0.05,
    "K_nash": 0.03,
    "K_lf": 0.01,
    "nash_storage": [
        0.0,
        0.0
    ],
    "num_timesteps": 1.0,
    "verbosity": 1.0,
    "DEBUG": 0.0,
    "refkdt": 2.0882799457771326,
    "giuh_ordinates": [
        1.0,
        0.0
    ],
    "stand_alone": 1,
    "soil_scheme": "ode"
}