{
    "catchment_area_km2": 13.91534815947176,
    "forcing_file": "wb-2624577_retro_3_2022/forcings/cat-2625955.csv",
    "partition_scheme": "Schaake",
    "soil_params": {
        "depth": 2.0,
        "D": 2.0,
        "bb": 17.776193618774414,
        "satdk": 3.0783244927412815e-07,
        "satpsi": 0.0439879788338563,
        "slop": 0.1147261095073347,
        "smcmax": 0.5188551404448685,
        "wltsmc": 0.1379999965429306,
        "expon": 5.0,
        "expon_secondary": 0.005
    },
    "max_gw_storage": 54.152549744,
    "Cgw": 0.1,
    "expon": 6.0,
    "gw_storage": 0.05,
    "alpha_fc": 0.33,
    "soil_storage": 0.05,
    "K_nash": 0.03,
    "K_lf": 0.01,
    "nash_storage": [
        0.0,
        0.0
    ],
    "num_timesteps": 1.0,
    "verbosity": 1.0,
    "DEBUG": 0.0,
    "refkdt": 2.109236078246874,
    "giuh_ordinates": [
        1.0,
        0.0
    ],
    "stand_alone": 1,
    "soil_scheme": "ode"
}