{
    "catchment_area_km2": 23.980498505963112,
    "forcing_file": "wb-2624577_retro_3_2022/forcings/cat-2625214.csv",
    "partition_scheme": "Schaake",
    "soil_params": {
        "depth": 2.0,
        "D": 2.0,
        "bb": 8.080087661743164,
        "satdk": 8.104358382785616e-08,
        "satpsi": 0.0725328676309848,
        "slop": 0.1175497987051175,
        "smcmax": 0.4860843223006398,
        "wltsmc": 0.0659999996423721,
        "expon": 5.0,
        "expon_secondary": 0.005
    },
    "max_gw_storage": 54.152549744,
    "Cgw": 0.1,
    "expon": 6.0,
    "gw_storage": 0.05,
    "alpha_fc": 0.33,
    "soil_storage": 0.05,
    "K_nash": 0.03,
    "K_lf": 0.01,
    "nash_storage": [
        0.0,
        0.0
    ],
    "num_timesteps": 1.0,
    "verbosity": 1.0,
    "DEBUG": 0.0,
    "refkdt": 2.148200189091637,
    "giuh_ordinates": [
        1.0,
        0.0
    ],
    "stand_alone": 1,
    "soil_scheme": "ode"
}