{
    "catchment_area_km2": 4.971150031562105,
    "forcing_file": "wb-2624577_retro_3_2022/forcings/cat-2629685.csv",
    "partition_scheme": "Schaake",
    "soil_params": {
        "depth": 2.0,
        "D": 2.0,
        "bb": 12.13018035888672,
        "satdk": 3.90283699139492e-07,
        "satpsi": 0.1117114634255362,
        "slop": 0.0615949942950909,
        "smcmax": 0.4971815928004082,
        "wltsmc": 0.1276606055537285,
        "expon": 7.0,
        "expon_secondary": 0.005
    },
    "max_gw_storage": 13.100178719,
    "Cgw": 0.1,
    "expon": 6.0,
    "gw_storage": 0.05,
    "alpha_fc": 0.33,
    "soil_storage": 0.05,
    "K_nash": 0.03,
    "K_lf": 0.01,
    "nash_storage": [
        0.0,
        0.0
    ],
    "num_timesteps": 1.0,
    "verbosity": 1.0,
    "DEBUG": 0.0,
    "refkdt": 2.007644539895926,
    "giuh_ordinates": [
        1.0,
        0.0
    ],
    "stand_alone": 1,
    "soil_scheme": "ode"
}