{
    "catchment_area_km2": 7.638752353582412,
    "forcing_file": "wb-2624577_retro_3_2022/forcings/cat-2625775.csv",
    "partition_scheme": "Schaake",
    "soil_params": {
        "depth": 2.0,
        "D": 2.0,
        "bb": 5.513718128204346,
        "satdk": 4.993626412338636e-07,
        "satpsi": 0.0902826847942821,
        "slop": 0.0601517105753139,
        "smcmax": 0.469065821640546,
        "wltsmc": 0.0710543832625749,
        "expon": 7.0,
        "expon_secondary": 0.005
    },
    "max_gw_storage": 13.100178719,
    "Cgw": 0.1,
    "expon": 6.0,
    "gw_storage": 0.05,
    "alpha_fc": 0.33,
    "soil_storage": 0.05,
    "K_nash": 0.03,
    "K_lf": 0.01,
    "nash_storage": [
        0.0,
        0.0
    ],
    "num_timesteps": 1.0,
    "verbosity": 1.0,
    "DEBUG": 0.0,
    "refkdt": 2.004831417146097,
    "giuh_ordinates": [
        1.0,
        0.0
    ],
    "stand_alone": 1,
    "soil_scheme": "ode"
}