{
    "catchment_area_km2": 9.595790455489581,
    "forcing_file": "wb-2624577_retro_3_2022/forcings/cat-2627368.csv",
    "partition_scheme": "Schaake",
    "soil_params": {
        "depth": 2.0,
        "D": 2.0,
        "bb": 4.978099346160889,
        "satdk": 8.576799472283055e-07,
        "satpsi": 0.0149580836082937,
        "slop": 0.0795482770246305,
        "smcmax": 0.4627228393763546,
        "wltsmc": 0.0574987042551689,
        "expon": 7.0,
        "expon_secondary": 0.005
    },
    "max_gw_storage": 13.100178719,
    "Cgw": 0.1,
    "expon": 6.0,
    "gw_storage": 0.05,
    "alpha_fc": 0.33,
    "soil_storage": 0.05,
    "K_nash": 0.03,
    "K_lf": 0.01,
    "nash_storage": [
        0.0,
        0.0
    ],
    "num_timesteps": 1.0,
    "verbosity": 1.0,
    "DEBUG": 0.0,
    "refkdt": 2.1695819848496067,
    "giuh_ordinates": [
        1.0,
        0.0
    ],
    "stand_alone": 1,
    "soil_scheme": "ode"
}