{
    "catchment_area_km2": 11.04795283045222,
    "forcing_file": "wb-2624577_retro_3_2022/forcings/cat-2626684.csv",
    "partition_scheme": "Schaake",
    "soil_params": {
        "depth": 2.0,
        "D": 2.0,
        "bb": 12.574156761169434,
        "satdk": 1.7693116226375663e-06,
        "satpsi": 0.0943351087557657,
        "slop": 0.1153340610149793,
        "smcmax": 0.509234037662547,
        "wltsmc": 0.0997956823688756,
        "expon": 5.0,
        "expon_secondary": 0.005
    },
    "max_gw_storage": 54.152549744,
    "Cgw": 0.1,
    "expon": 6.0,
    "gw_storage": 0.05,
    "alpha_fc": 0.33,
    "soil_storage": 0.05,
    "K_nash": 0.03,
    "K_lf": 0.01,
    "nash_storage": [
        0.0,
        0.0
    ],
    "num_timesteps": 1.0,
    "verbosity": 1.0,
    "DEBUG": 0.0,
    "refkdt": 2.1222305266887744,
    "giuh_ordinates": [
        1.0,
        0.0
    ],
    "stand_alone": 1,
    "soil_scheme": "ode"
}