{
    "catchment_area_km2": 12.693599954941527,
    "forcing_file": "wb-2624577_retro_3_2022/forcings/cat-2627389.csv",
    "partition_scheme": "Schaake",
    "soil_params": {
        "depth": 2.0,
        "D": 2.0,
        "bb": 12.13018035888672,
        "satdk": 3.570850997313167e-07,
        "satpsi": 0.039587827033707,
        "slop": 0.0596503459451318,
        "smcmax": 0.4969141602878955,
        "wltsmc": 0.1367617912409375,
        "expon": 7.0,
        "expon_secondary": 0.005
    },
    "max_gw_storage": 13.100178719,
    "Cgw": 0.1,
    "expon": 6.0,
    "gw_storage": 0.05,
    "alpha_fc": 0.33,
    "soil_storage": 0.05,
    "K_nash": 0.03,
    "K_lf": 0.01,
    "nash_storage": [
        0.0,
        0.0
    ],
    "num_timesteps": 1.0,
    "verbosity": 1.0,
    "DEBUG": 0.0,
    "refkdt": 2.0080751533916468,
    "giuh_ordinates": [
        1.0,
        0.0
    ],
    "stand_alone": 1,
    "soil_scheme": "ode"
}