{
    "catchment_area_km2": 12.326848785026785,
    "forcing_file": "wb-2624577_retro_3_2022/forcings/cat-2624530.csv",
    "partition_scheme": "Schaake",
    "soil_params": {
        "depth": 2.0,
        "D": 2.0,
        "bb": 15.293272972106934,
        "satdk": 9.907990669000637e-07,
        "satpsi": 0.0964180474357679,
        "slop": 0.0293794253796577,
        "smcmax": 0.5007282796739033,
        "wltsmc": 0.1371392343911873,
        "expon": 6.0,
        "expon_secondary": 0.005
    },
    "max_gw_storage": 91.037696838,
    "Cgw": 0.1,
    "expon": 6.0,
    "gw_storage": 0.05,
    "alpha_fc": 0.33,
    "soil_storage": 0.05,
    "K_nash": 0.03,
    "K_lf": 0.01,
    "nash_storage": [
        0.0,
        0.0
    ],
    "num_timesteps": 1.0,
    "verbosity": 1.0,
    "DEBUG": 0.0,
    "refkdt": 1.6464603251961951,
    "giuh_ordinates": [
        1.0,
        0.0
    ],
    "stand_alone": 1,
    "soil_scheme": "ode"
}