{
    "catchment_area_km2": 11.620800486137087,
    "forcing_file": "wb-2624577_retro_3_2022/forcings/cat-2625215.csv",
    "partition_scheme": "Schaake",
    "soil_params": {
        "depth": 2.0,
        "D": 2.0,
        "bb": 8.080087661743164,
        "satdk": 7.686520116294425e-08,
        "satpsi": 0.0687932739157141,
        "slop": 0.1168901395801688,
        "smcmax": 0.486288660054109,
        "wltsmc": 0.0659999996423721,
        "expon": 5.0,
        "expon_secondary": 0.005
    },
    "max_gw_storage": 54.152549744,
    "Cgw": 0.1,
    "expon": 6.0,
    "gw_storage": 0.05,
    "alpha_fc": 0.33,
    "soil_storage": 0.05,
    "K_nash": 0.03,
    "K_lf": 0.01,
    "nash_storage": [
        0.0,
        0.0
    ],
    "num_timesteps": 1.0,
    "verbosity": 1.0,
    "DEBUG": 0.0,
    "refkdt": 2.140468621924579,
    "giuh_ordinates": [
        1.0,
        0.0
    ],
    "stand_alone": 1,
    "soil_scheme": "ode"
}