{
    "catchment_area_km2": 73.18800394647756,
    "forcing_file": "wb-2624577_retro_3_2022/forcings/cat-2630056.csv",
    "partition_scheme": "Schaake",
    "soil_params": {
        "depth": 2.0,
        "D": 2.0,
        "bb": 21.581951141357425,
        "satdk": 5.578949292654137e-07,
        "satpsi": 0.0483364629863495,
        "slop": 0.3518847665460262,
        "smcmax": 0.5222690152741648,
        "wltsmc": 0.1366789094825049,
        "expon": 5.0,
        "expon_secondary": 0.005
    },
    "max_gw_storage": 48.480583191,
    "Cgw": 0.1,
    "expon": 6.0,
    "gw_storage": 0.05,
    "alpha_fc": 0.33,
    "soil_storage": 0.05,
    "K_nash": 0.03,
    "K_lf": 0.01,
    "nash_storage": [
        0.0,
        0.0
    ],
    "num_timesteps": 1.0,
    "verbosity": 1.0,
    "DEBUG": 0.0,
    "refkdt": 0.5494382868571498,
    "giuh_ordinates": [
        1.0,
        0.0
    ],
    "stand_alone": 1,
    "soil_scheme": "ode"
}