{
    "catchment_area_km2": 11.37734404204896,
    "forcing_file": "wb-2624577_retro_3_2022/forcings/cat-2625773.csv",
    "partition_scheme": "Schaake",
    "soil_params": {
        "depth": 2.0,
        "D": 2.0,
        "bb": 8.580395698547363,
        "satdk": 2.7406213849374666e-07,
        "satpsi": 0.0941875282832611,
        "slop": 0.0579197779297828,
        "smcmax": 0.4851243927261591,
        "wltsmc": 0.0947283962115124,
        "expon": 7.0,
        "expon_secondary": 0.005
    },
    "max_gw_storage": 13.100178719,
    "Cgw": 0.1,
    "expon": 6.0,
    "gw_storage": 0.05,
    "alpha_fc": 0.33,
    "soil_storage": 0.05,
    "K_nash": 0.03,
    "K_lf": 0.01,
    "nash_storage": [
        0.0,
        0.0
    ],
    "num_timesteps": 1.0,
    "verbosity": 1.0,
    "DEBUG": 0.0,
    "refkdt": 2.0004811286926265,
    "giuh_ordinates": [
        1.0,
        0.0
    ],
    "stand_alone": 1,
    "soil_scheme": "ode"
}