{
    "catchment_area_km2": 8.638196107489609,
    "forcing_file": "wb-2624577_retro_3_2022/forcings/cat-2625241.csv",
    "partition_scheme": "Schaake",
    "soil_params": {
        "depth": 2.0,
        "D": 2.0,
        "bb": 4.978099346160889,
        "satdk": 8.960923028006172e-08,
        "satpsi": 0.080199000728101,
        "slop": 0.1055076161019781,
        "smcmax": 0.460020689077442,
        "wltsmc": 0.0483053748743135,
        "expon": 7.0,
        "expon_secondary": 0.005
    },
    "max_gw_storage": 50.445218402,
    "Cgw": 0.1,
    "expon": 6.0,
    "gw_storage": 0.05,
    "alpha_fc": 0.33,
    "soil_storage": 0.05,
    "K_nash": 0.03,
    "K_lf": 0.01,
    "nash_storage": [
        0.0,
        0.0
    ],
    "num_timesteps": 1.0,
    "verbosity": 1.0,
    "DEBUG": 0.0,
    "refkdt": 2.3612722692209944,
    "giuh_ordinates": [
        1.0,
        0.0
    ],
    "stand_alone": 1,
    "soil_scheme": "ode"
}