{
    "catchment_area_km2": 7.429048960525557,
    "forcing_file": "wb-2624577_retro_3_2022/forcings/cat-2627919.csv",
    "partition_scheme": "Schaake",
    "soil_params": {
        "depth": 2.0,
        "D": 2.0,
        "bb": 3.503835916519165,
        "satdk": 5.437902384902568e-07,
        "satpsi": 0.0756961498044034,
        "slop": 0.189810253679357,
        "smcmax": 0.4584193712113494,
        "wltsmc": 0.0469999983906745,
        "expon": 4.0,
        "expon_secondary": 0.005
    },
    "max_gw_storage": 159.259567261,
    "Cgw": 0.1,
    "expon": 6.0,
    "gw_storage": 0.05,
    "alpha_fc": 0.33,
    "soil_storage": 0.05,
    "K_nash": 0.03,
    "K_lf": 0.01,
    "nash_storage": [
        0.0,
        0.0
    ],
    "num_timesteps": 1.0,
    "verbosity": 1.0,
    "DEBUG": 0.0,
    "refkdt": 2.995132400025492,
    "giuh_ordinates": [
        1.0,
        0.0
    ],
    "stand_alone": 1,
    "soil_scheme": "ode"
}