{
    "catchment_area_km2": 6.444002380501166,
    "forcing_file": "wb-2624577_retro_3_2022/forcings/cat-2626966.csv",
    "partition_scheme": "Schaake",
    "soil_params": {
        "depth": 2.0,
        "D": 2.0,
        "bb": 6.039312362670898,
        "satdk": 2.5329907759812444e-07,
        "satpsi": 0.1201176324031936,
        "slop": 0.1914594342869919,
        "smcmax": 0.4857361221494691,
        "wltsmc": 0.1043886696472212,
        "expon": 4.0,
        "expon_secondary": 0.005
    },
    "max_gw_storage": 159.259567261,
    "Cgw": 0.1,
    "expon": 6.0,
    "gw_storage": 0.05,
    "alpha_fc": 0.33,
    "soil_storage": 0.05,
    "K_nash": 0.03,
    "K_lf": 0.01,
    "nash_storage": [
        0.0,
        0.0
    ],
    "num_timesteps": 1.0,
    "verbosity": 1.0,
    "DEBUG": 0.0,
    "refkdt": 3.0445512753026733,
    "giuh_ordinates": [
        1.0,
        0.0
    ],
    "stand_alone": 1,
    "soil_scheme": "ode"
}