{
    "catchment_area_km2": 18.71684399705571,
    "forcing_file": "wb-2624577_retro_3_2022/forcings/cat-2624544.csv",
    "partition_scheme": "Schaake",
    "soil_params": {
        "depth": 2.0,
        "D": 2.0,
        "bb": 12.574156761169434,
        "satdk": 5.836375660955706e-07,
        "satpsi": 0.0539755978560996,
        "slop": 0.1143267899751662,
        "smcmax": 0.5168727837628301,
        "wltsmc": 0.112909063999269,
        "expon": 5.0,
        "expon_secondary": 0.005
    },
    "max_gw_storage": 54.152549744,
    "Cgw": 0.1,
    "expon": 6.0,
    "gw_storage": 0.05,
    "alpha_fc": 0.33,
    "soil_storage": 0.05,
    "K_nash": 0.03,
    "K_lf": 0.01,
    "nash_storage": [
        0.0,
        0.0
    ],
    "num_timesteps": 1.0,
    "verbosity": 1.0,
    "DEBUG": 0.0,
    "refkdt": 2.110424757003784,
    "giuh_ordinates": [
        1.0,
        0.0
    ],
    "stand_alone": 1,
    "soil_scheme": "ode"
}