{
    "catchment_area_km2": 4.2182964449992255,
    "forcing_file": "wb-2624577_retro_3_2022/forcings/cat-2627897.csv",
    "partition_scheme": "Schaake",
    "soil_params": {
        "depth": 2.0,
        "D": 2.0,
        "bb": 5.513718128204346,
        "satdk": 1.1467668802900066e-06,
        "satpsi": 0.0420235445580701,
        "slop": 0.0615024446043647,
        "smcmax": 0.4663003720791044,
        "wltsmc": 0.0627042721747518,
        "expon": 7.0,
        "expon_secondary": 0.005
    },
    "max_gw_storage": 13.100178719,
    "Cgw": 0.1,
    "expon": 6.0,
    "gw_storage": 0.05,
    "alpha_fc": 0.33,
    "soil_storage": 0.05,
    "K_nash": 0.03,
    "K_lf": 0.01,
    "nash_storage": [
        0.0,
        0.0
    ],
    "num_timesteps": 1.0,
    "verbosity": 1.0,
    "DEBUG": 0.0,
    "refkdt": 2.007464150110533,
    "giuh_ordinates": [
        1.0,
        0.0
    ],
    "stand_alone": 1,
    "soil_scheme": "ode"
}