{
    "catchment_area_km2": 15.253205692401226,
    "forcing_file": "wb-2624577_retro_3_2022/forcings/cat-2629744.csv",
    "partition_scheme": "Schaake",
    "soil_params": {
        "depth": 2.0,
        "D": 2.0,
        "bb": 17.776193618774414,
        "satdk": 6.924055551022583e-06,
        "satpsi": 0.0270990447932388,
        "slop": 0.1143267899751663,
        "smcmax": 0.506034062999256,
        "wltsmc": 0.1060980672345212,
        "expon": 5.0,
        "expon_secondary": 0.005
    },
    "max_gw_storage": 54.152549744,
    "Cgw": 0.1,
    "expon": 6.0,
    "gw_storage": 0.05,
    "alpha_fc": 0.33,
    "soil_storage": 0.05,
    "K_nash": 0.03,
    "K_lf": 0.01,
    "nash_storage": [
        0.0,
        0.0
    ],
    "num_timesteps": 1.0,
    "verbosity": 1.0,
    "DEBUG": 0.0,
    "refkdt": 2.1104247570037846,
    "giuh_ordinates": [
        1.0,
        0.0
    ],
    "stand_alone": 1,
    "soil_scheme": "ode"
}