{
    "catchment_area_km2": 9.341999378935862,
    "forcing_file": "wb-2624577_retro_3_2022/forcings/cat-2627360.csv",
    "partition_scheme": "Schaake",
    "soil_params": {
        "depth": 2.0,
        "D": 2.0,
        "bb": 7.295165061950684,
        "satdk": 1.4665668909352362e-06,
        "satpsi": 0.0352179827207605,
        "slop": 0.1109285481916785,
        "smcmax": 0.4987079008408894,
        "wltsmc": 0.0918494554761918,
        "expon": 5.0,
        "expon_secondary": 0.005
    },
    "max_gw_storage": 54.152549744,
    "Cgw": 0.1,
    "expon": 6.0,
    "gw_storage": 0.05,
    "alpha_fc": 0.33,
    "soil_storage": 0.05,
    "K_nash": 0.03,
    "K_lf": 0.01,
    "nash_storage": [
        0.0,
        0.0
    ],
    "num_timesteps": 1.0,
    "verbosity": 1.0,
    "DEBUG": 0.0,
    "refkdt": 2.103801200498883,
    "giuh_ordinates": [
        1.0,
        0.0
    ],
    "stand_alone": 1,
    "soil_scheme": "ode"
}