{
    "catchment_area_km2": 7.634254995050205,
    "forcing_file": "wb-2624577_retro_3_2022/forcings/cat-2626961.csv",
    "partition_scheme": "Schaake",
    "soil_params": {
        "depth": 2.0,
        "D": 2.0,
        "bb": 12.13018035888672,
        "satdk": 3.252248029927032e-07,
        "satpsi": 0.165098470499399,
        "slop": 0.0585620830722702,
        "smcmax": 0.496759907234613,
        "wltsmc": 0.1379999965429305,
        "expon": 7.0,
        "expon_secondary": 0.005
    },
    "max_gw_storage": 13.100178719,
    "Cgw": 0.1,
    "expon": 6.0,
    "gw_storage": 0.05,
    "alpha_fc": 0.33,
    "soil_storage": 0.05,
    "K_nash": 0.03,
    "K_lf": 0.01,
    "nash_storage": [
        0.0,
        0.0
    ],
    "num_timesteps": 1.0,
    "verbosity": 1.0,
    "DEBUG": 0.0,
    "refkdt": 2.00122216746469,
    "giuh_ordinates": [
        1.0,
        0.0
    ],
    "stand_alone": 1,
    "soil_scheme": "ode"
}