{
    "catchment_area_km2": 7.356601718979757,
    "forcing_file": "wb-2624577_retro_3_2022/forcings/cat-2628665.csv",
    "partition_scheme": "Schaake",
    "soil_params": {
        "depth": 2.0,
        "D": 2.0,
        "bb": 5.513718128204346,
        "satdk": 3.92981247330898e-06,
        "satpsi": 0.0852874198831528,
        "slop": 0.0579197779297828,
        "smcmax": 0.4644983174272061,
        "wltsmc": 0.0610751151223706,
        "expon": 7.0,
        "expon_secondary": 0.005
    },
    "max_gw_storage": 13.100178719,
    "Cgw": 0.1,
    "expon": 6.0,
    "gw_storage": 0.05,
    "alpha_fc": 0.33,
    "soil_storage": 0.05,
    "K_nash": 0.03,
    "K_lf": 0.01,
    "nash_storage": [
        0.0,
        0.0
    ],
    "num_timesteps": 1.0,
    "verbosity": 1.0,
    "DEBUG": 0.0,
    "refkdt": 2.000481128692627,
    "giuh_ordinates": [
        1.0,
        0.0
    ],
    "stand_alone": 1,
    "soil_scheme": "ode"
}