{
    "catchment_area_km2": 17.108105908503553,
    "forcing_file": "wb-2624577_retro_3_2022/forcings/cat-2630092.csv",
    "partition_scheme": "Schaake",
    "soil_params": {
        "depth": 2.0,
        "D": 2.0,
        "bb": 17.776193618774414,
        "satdk": 6.760963461676293e-07,
        "satpsi": 0.0816543241613444,
        "slop": 0.1142834070381176,
        "smcmax": 0.5192771239321395,
        "wltsmc": 0.1379999965429306,
        "expon": 5.0,
        "expon_secondary": 0.005
    },
    "max_gw_storage": 54.152549744,
    "Cgw": 0.1,
    "expon": 6.0,
    "gw_storage": 0.05,
    "alpha_fc": 0.33,
    "soil_storage": 0.05,
    "K_nash": 0.03,
    "K_lf": 0.01,
    "nash_storage": [
        0.0,
        0.0
    ],
    "num_timesteps": 1.0,
    "verbosity": 1.0,
    "DEBUG": 0.0,
    "refkdt": 2.111217550830967,
    "giuh_ordinates": [
        1.0,
        0.0
    ],
    "stand_alone": 1,
    "soil_scheme": "ode"
}