{
    "catchment_area_km2": 7.578906196486518,
    "forcing_file": "wb-2624577_retro_3_2022/forcings/cat-2625876.csv",
    "partition_scheme": "Schaake",
    "soil_params": {
        "depth": 2.0,
        "D": 2.0,
        "bb": 15.266193389892578,
        "satdk": 7.389904796067345e-07,
        "satpsi": 0.061910244298222,
        "slop": 0.3450264423003556,
        "smcmax": 0.5200643872809242,
        "wltsmc": 0.1170312609300736,
        "expon": 5.0,
        "expon_secondary": 0.005
    },
    "max_gw_storage": 48.480583191,
    "Cgw": 0.1,
    "expon": 6.0,
    "gw_storage": 0.05,
    "alpha_fc": 0.33,
    "soil_storage": 0.05,
    "K_nash": 0.03,
    "K_lf": 0.01,
    "nash_storage": [
        0.0,
        0.0
    ],
    "num_timesteps": 1.0,
    "verbosity": 1.0,
    "DEBUG": 0.0,
    "refkdt": 0.5881099168646461,
    "giuh_ordinates": [
        1.0,
        0.0
    ],
    "stand_alone": 1,
    "soil_scheme": "ode"
}