{
    "catchment_area_km2": 5.642999986381924,
    "forcing_file": "wb-2624577_retro_3_2022/forcings/cat-2628672.csv",
    "partition_scheme": "Schaake",
    "soil_params": {
        "depth": 2.0,
        "D": 2.0,
        "bb": 3.880831003189087,
        "satdk": 1.8431336789779584e-06,
        "satpsi": 0.0919392004083549,
        "slop": 0.1859892781209655,
        "smcmax": 0.4648843283287413,
        "wltsmc": 0.0659999996423721,
        "expon": 4.0,
        "expon_secondary": 0.005
    },
    "max_gw_storage": 159.259567261,
    "Cgw": 0.1,
    "expon": 6.0,
    "gw_storage": 0.05,
    "alpha_fc": 0.33,
    "soil_storage": 0.05,
    "K_nash": 0.03,
    "K_lf": 0.01,
    "nash_storage": [
        0.0,
        0.0
    ],
    "num_timesteps": 1.0,
    "verbosity": 1.0,
    "DEBUG": 0.0,
    "refkdt": 2.9503484683612595,
    "giuh_ordinates": [
        1.0,
        0.0
    ],
    "stand_alone": 1,
    "soil_scheme": "ode"
}