{
    "catchment_area_km2": 7.498352218483146,
    "forcing_file": "wb-2624577_retro_3_2022/forcings/cat-2624932.csv",
    "partition_scheme": "Schaake",
    "soil_params": {
        "depth": 2.0,
        "D": 2.0,
        "bb": 12.574156761169434,
        "satdk": 1.2193244116070758e-06,
        "satpsi": 0.1526724250861859,
        "slop": 0.1143267899751663,
        "smcmax": 0.517437788924123,
        "wltsmc": 0.1188501220041407,
        "expon": 5.0,
        "expon_secondary": 0.005
    },
    "max_gw_storage": 54.152549744,
    "Cgw": 0.1,
    "expon": 6.0,
    "gw_storage": 0.05,
    "alpha_fc": 0.33,
    "soil_storage": 0.05,
    "K_nash": 0.03,
    "K_lf": 0.01,
    "nash_storage": [
        0.0,
        0.0
    ],
    "num_timesteps": 1.0,
    "verbosity": 1.0,
    "DEBUG": 0.0,
    "refkdt": 2.110424757003784,
    "giuh_ordinates": [
        1.0,
        0.0
    ],
    "stand_alone": 1,
    "soil_scheme": "ode"
}