{
    "catchment_area_km2": 8.68184215646315,
    "forcing_file": "wb-2624577_retro_3_2022/forcings/cat-2629916.csv",
    "partition_scheme": "Schaake",
    "soil_params": {
        "depth": 2.0,
        "D": 2.0,
        "bb": 8.580395698547363,
        "satdk": 6.099485326301038e-07,
        "satpsi": 0.0140549355777939,
        "slop": 0.0669442626784152,
        "smcmax": 0.4928267061351863,
        "wltsmc": 0.1160847588619163,
        "expon": 7.0,
        "expon_secondary": 0.005
    },
    "max_gw_storage": 13.100178719,
    "Cgw": 0.1,
    "expon": 6.0,
    "gw_storage": 0.05,
    "alpha_fc": 0.33,
    "soil_storage": 0.05,
    "K_nash": 0.03,
    "K_lf": 0.01,
    "nash_storage": [
        0.0,
        0.0
    ],
    "num_timesteps": 1.0,
    "verbosity": 1.0,
    "DEBUG": 0.0,
    "refkdt": 2.059146087152586,
    "giuh_ordinates": [
        1.0,
        0.0
    ],
    "stand_alone": 1,
    "soil_scheme": "ode"
}