{
    "catchment_area_km2": 12.450595216462858,
    "forcing_file": "wb-2624577_retro_3_2022/forcings/cat-2625691.csv",
    "partition_scheme": "Schaake",
    "soil_params": {
        "depth": 2.0,
        "D": 2.0,
        "bb": 8.8270263671875,
        "satdk": 8.584094583324871e-07,
        "satpsi": 0.0315699747827808,
        "slop": 0.0534618973016743,
        "smcmax": 0.5189415203928673,
        "wltsmc": 0.0469999983906745,
        "expon": 5.0,
        "expon_secondary": 0.005
    },
    "max_gw_storage": 79.799125671,
    "Cgw": 0.1,
    "expon": 6.0,
    "gw_storage": 0.05,
    "alpha_fc": 0.33,
    "soil_storage": 0.05,
    "K_nash": 0.03,
    "K_lf": 0.01,
    "nash_storage": [
        0.0,
        0.0
    ],
    "num_timesteps": 1.0,
    "verbosity": 1.0,
    "DEBUG": 0.0,
    "refkdt": 2.0224121844795944,
    "giuh_ordinates": [
        1.0,
        0.0
    ],
    "stand_alone": 1,
    "soil_scheme": "ode"
}